slug,title,meta_title,meta_description,content,excerpt,featured_image,category,tags,author,status,featured,read_time,view_count,published_at,updated_at,created_at
mastering-executive-functions-productivity-mental-fitness,Mastering Executive Functions: Your Blueprint for Enhanced Productivity & Mental Fitness,Mastering Executive Functions: Boost Productivity & Mental Fitness,"Unlock the secrets of executive functions to boost productivity, focus, and mental fitness. Learn actionable strategies, backed by science, to enhance cognitive control.","<script type=""application/ld+json"">{""@context"": ""https://schema.org"", ""@type"": ""Article"", ""headline"": ""Mastering Executive Functions: Your Blueprint for Enhanced Productivity & Mental Fitness"", ""description"": ""Unlock the secrets of executive functions to boost productivity, focus, and mental fitness. Learn actionable strategies, backed by science, to enhance cognitive control."", ""author"": {""@type"": ""Person"", ""name"": ""Reconstruct Team"", ""url"": ""https://reconstructyourmind.com""}, ""datePublished"": ""2026-03-11T07:35:51.188300+00:00"", ""dateModified"": ""2026-03-11T07:35:51.188300+00:00"", ""image"": """", ""publisher"": {""@type"": ""Organization"", ""name"": ""Reconstruct"", ""logo"": {""@type"": ""ImageObject"", ""url"": ""https://reconstructyourmind.com/logo.png""}}, ""mainEntityOfPage"": {""@type"": ""WebPage"", ""@id"": ""https://reconstructyourmind.com/blog/mastering-executive-functions-your-blueprint-for-enhanced-productivity-mental-fitness""}}</script>
<!DOCTYPE html>
<html lang=""en"">
<head>
<meta charset=""UTF-8"">
<title>Mastering Executive Functions: Your Blueprint for Enhanced Productivity & Mental Fitness</title>
<meta name=""description"" content=""Unlock the secrets of executive functions to boost productivity, focus, and mental fitness. Learn actionable strategies, backed by science, to enhance cognitive control."" />
</head>
<body>

<h1>Mastering Executive Functions: Your Blueprint for Enhanced Productivity & Mental Fitness</h1>

<p>Executive functions are the brain’s command center for managing thoughts, actions, and emotions to achieve goals. They underpin everything from decision-making and focus to emotional regulation and long-term planning. In today’s fast-paced, distraction-heavy world, strengthening these cognitive skills is essential for sustained productivity and mental fitness. This comprehensive guide explores what executive functions are, why they matter, and how to train them using evidence-based strategies.</p>

<h2>What Are Executive Functions?</h2>

<p>Executive functions refer to a set of higher-order cognitive processes that enable goal-directed behavior. According to the <a href=""https://www.nimh.nih.gov/"">National Institute of Mental Health</a> [1], these include:</p>

<ul>
<li><strong>Inhibitory control</strong> – the ability to resist impulses and distractions.</li>
<li><strong>Working memory</strong> – holding and manipulating information over short periods.</li>
<li><strong>Cognitive flexibility</strong> – shifting between tasks or perspectives efficiently.</li>
</ul>

<p>Together, these skills allow you to plan, prioritize, and execute complex tasks. They’re governed primarily by the prefrontal cortex, the brain’s “executive center,” and are critical for both academic success and workplace performance [2].</p>

<h2>Why Executive Functions Matter for Mental Fitness</h2>

<p>Strong executive functions correlate with better emotional regulation, higher resilience, and improved mental health outcomes. A 2021 meta-analysis in <em>Psychological Medicine</em> found that individuals with well-developed executive control reported lower levels of anxiety and depression [3]. Conversely, deficits in these skills are linked to ADHD, burnout, and chronic procrastination.</p>

<p>In the context of mental fitness, executive functions act as the scaffolding for habits like mindfulness, goal-setting, and stress management. Without them, even the best intentions can falter under pressure or distraction.</p>

<h2>Key Components of Executive Functioning</h2>

<h3>Inhibitory Control</h3>
<p>This skill helps you pause before reacting, resist temptations, and stay on task. It’s foundational for self-discipline and emotional regulation. Techniques like the “pause-and-plan” response can strengthen this capacity [4].</p>

<h3>Working Memory</h3>
<p>Working memory allows you to hold multiple pieces of information in mind while processing them. It’s essential for reading comprehension, mental math, and following multi-step instructions. Training this function can improve both academic and professional performance [5].</p>

<h3>Cognitive Flexibility</h3>
<p>Cognitive flexibility enables you to adapt to new information, switch between tasks, and see problems from different angles. It’s crucial for creative problem-solving and resilience in dynamic environments [6].</p>

<h2>Science-Backed Strategies to Strengthen Executive Functions</h2>

<h3>1. Practice Mindfulness Meditation</h3>
<p>Mindfulness training has been shown to enhance inhibitory control and working memory. A 2019 study in <em>Frontiers in Psychology</em> found that just 10 minutes of daily mindfulness improved attention and reduced mind-wandering [7].</p>

<h3>2. Use Implementation Intentions</h3>
<p>Formulating “if-then” plans (e.g., “If I feel distracted, then I will take three deep breaths”) leverages executive control to automate goal-directed behavior [8].</p>

<h3>3. Break Tasks into Smaller Steps</h3>
<p>Chunking complex projects into manageable sub-tasks reduces cognitive load and supports working memory. This approach also enhances motivation by providing frequent wins [9].</p>

<h3>4. Engage in Dual N-Back Training</h3>
<p>Research from the University of Michigan suggests that dual n-back exercises can improve working memory and fluid intelligence [10]. These tasks require you to track multiple sequences of information simultaneously.</p>

<h3>5. Prioritize Sleep and Physical Activity</h3>
<p>Sleep deprivation impairs executive function by reducing prefrontal cortex activity. Regular aerobic exercise, on the other hand, has been linked to increased gray matter volume in brain regions responsible for executive control [11].</p>

<h2>Common Challenges and How to Overcome Them</h2>

<h3>Procrastination</h3>
<p>Procrastination often stems from poor impulse control and task aversion. Combat it by setting clear deadlines, using timeboxing techniques, and rewarding incremental progress [12].</p>

<h3>Distractibility</h3>
<p>Digital distractions overload working memory. Use website blockers, designated focus periods, and single-tasking to preserve cognitive resources [13].</p>

<h3>Decision Fatigue</h3>
<p>Too many choices can deplete executive function. Simplify routines, automate decisions where possible, and prioritize high-impact tasks early in the day [14].</p>

<h2>Integrating Executive Function Training into Daily Life</h2>

<p>Building executive function is a gradual process. Start by identifying your weakest area—whether it’s impulse control, focus, or adaptability—and target it with specific exercises. Combine mental training with lifestyle habits like consistent sleep schedules, balanced nutrition, and regular physical activity to maximize results.</p>

<p>Remember, the goal isn’t perfection but progress. Even small improvements in executive function can yield outsized benefits for productivity, emotional well-being, and long-term mental fitness.</p>

<h2>Conclusion</h2>

<p>Mastering executive functions is a cornerstone of mental fitness and peak performance. By understanding these cognitive skills and applying targeted strategies, you can enhance your ability to focus, plan, and adapt—unlocking greater productivity and resilience in all areas of life. Start small, stay consistent, and watch your mental fitness transform.</p>

<h2>FAQ</h2>

<h3>What are the three main components of executive functions?</h3>
<p>The three core components are inhibitory control (resisting impulses), working memory (holding and manipulating information), and cognitive flexibility (switching between tasks or perspectives).</p>

<h3>How can I improve my executive functions?</h3>
<p>Strategies include mindfulness meditation, dual n-back training, breaking tasks into smaller steps, using implementation intentions, and maintaining good sleep and exercise habits.</p>

<h3>Why do executive functions matter for mental health?</h3>
<p>Strong executive functions support emotional regulation, reduce anxiety and depression risk, and help manage stress by improving planning and self-control.</p>

<h3>Can executive function be trained at any age?</h3>
<p>Yes. While development is fastest in childhood, research shows that targeted training and lifestyle changes can improve executive function throughout adulthood.</p>

<h3>What role does sleep play in executive functioning?</h3>
<p>Sleep is critical for prefrontal cortex activity and cognitive control. Chronic sleep deprivation impairs working memory, decision-making, and impulse control.</p>

<h2>References</h2>

<ol>
<li><a href=""https://www.nimh.nih.gov/"">National Institute of Mental Health - Executive Functions Overview</a></li>
<li><a href=""https://www.ncbi.nlm.nih.gov/pmc/articles/PMC4258547/"">Neurobiology of Executive Functions</a></li>
<li><a href=""https://www.cambridge.org/core/journals/psychological-medicine"">Meta-analysis on Executive Control and Mental Health</a></li>
<li><a href=""https://www.ncbi.nlm.nih.gov/pmc/articles/PMC3118731/"">Pause-and-Plan Response and Self-Control</a></li>
<li><a href=""https://www.ncbi.nlm.nih.gov/pmc/articles/PMC4018413/"">Working Memory Training and Academic Performance</a></li>
<li><a href=""https://www.ncbi.nlm.nih.gov/pmc/articles/PMC4782831/"">Cognitive Flexibility and Problem-Solving</a></li>
<li><a href=""https://www.frontiersin.org/articles/10.3389/fpsyg.2019.01234"">Mindfulness and Attention Improvement</a></li>
<li><a href=""https://www.ncbi.nlm.nih.gov/pmc/articles/PMC3505409/"">Implementation Intentions and Goal Achievement</a></li>
<li><a href=""https://www.ncbi.nlm.nih.gov/pmc/articles/PMC6019473/"">Task Chunking and Motivation</a></li>
<li><a href=""https://www.ncbi.nlm.nih.gov/pmc/articles/PMC3181769/"">Dual N-Back Training and Working Memory</a></li>
<li><a href=""https://www.ncbi.nlm.nih.gov/pmc/articles/PMC3013494/"">Exercise and Prefrontal Cortex Volume</a></li>
<li><a href=""https://www.ncbi.nlm.nih.gov/pmc/articles/PMC5619486/"">Procrastination and Impulse Control</a></li>
<li><a href=""https://www.ncbi.nlm.nih.gov/pmc/articles/PMC4183473/"">Digital Distractions and Cognitive Load</a></li>
<li><a href=""https://www.ncbi.nlm.nih.gov/pmc/articles/PMC2656292/"">Decision Fatigue and Self-Control</a></li>
</ol>

</body>
</html>","Executive functions are the brain’s command center for managing thoughts, actions, and emotions to achieve goals. This guide explores what they are, why they matter for mental fitness, and how to train them using science-backed strategies.",,Mental Fitness,"{""Executive Functions"",""Productivity"",""Mental Fitness"",""Cognitive Control"",""Focus"",""Mindfulness"",""Procrastination"",""Working Memory"",""Cognitive Flexibility"",""Emotional Regulation"",""Self-Discipline"",""Brain Training"",""Mental Health"",""Decision Making"",""Stress Management""}",Reconstruct Team,published,false,5,0,2026-03-11T07:35:51.188610+00:00,2026-03-11T07:35:51.188610+00:00,2026-03-11T07:35:51.188610+00:00
